signal_time,entry_time,exit_time,direction,entry,stop,target,risk_price,risk_money,units,result,R,gross_pnl,net_pnl,reason,balance_after,equity
2025-04-16 01:40:00+00:00,2025-05-01 04:05:00+00:00,2025-05-01 04:15:00+00:00,SHORT,3236.47,3245.69,3218.0299999999993,9.220000000000255,100.0,10.845986984815319,LOSS,-1.0,-100.0,-100.0,Above PDH -> green -> red reversal -> break red low,9900.0,9900.0
2025-05-01 04:20:00+00:00,2025-05-01 04:25:00+00:00,2025-05-01 04:45:00+00:00,LONG,3246.39,3239.0,3261.1699999999996,7.389999999999873,99.0,13.396481732070596,LOSS,-1.0,-99.0,-99.0,Below PDL -> green reversal -> break green high,9801.0,9801.0
2025-05-05 05:50:00+00:00,2025-05-05 06:00:00+00:00,2025-05-05 06:05:00+00:00,SHORT,3268.55,3271.01,3263.63,2.4600000000000364,98.01,39.84146341463356,LOSS,-1.0,-98.01,-98.01,Above PDH -> green -> red reversal -> break red low,9702.99,9702.99
2025-05-05 11:30:00+00:00,2025-05-12 01:45:00+00:00,2025-05-12 01:50:00+00:00,SHORT,3270.04,3273.48,3263.16,3.4400000000000546,97.0299,28.206366279069318,LOSS,-1.0,-97.0299,-97.0299,Above PDH -> green -> red reversal -> break red low,9605.9601,9605.9601
2025-05-12 02:05:00+00:00,2025-05-12 02:10:00+00:00,2025-05-12 02:25:00+00:00,LONG,3272.41,3266.16,3284.91,6.25,96.059601,15.369536160000001,WIN,2.0,192.119202,192.119202,Below PDL -> green reversal -> break green high,9798.079302,9798.079302
2025-05-12 04:15:00+00:00,2025-05-12 04:20:00+00:00,2025-05-12 05:00:00+00:00,LONG,3265.83,3260.12,3277.25,5.710000000000036,97.98079302000001,17.15950840980725,WIN,2.0,195.96158604000001,195.96158604000001,Below PDL -> green reversal -> break green high,9994.040888040001,9994.040888040001
2025-05-12 05:40:00+00:00,2025-05-12 05:45:00+00:00,2025-05-12 08:40:00+00:00,LONG,3275.34,3269.52,3286.9800000000005,5.820000000000164,99.94040888040001,17.171891560205705,LOSS,-1.0,-99.94040888040001,-99.94040888040001,Below PDL -> green reversal -> break green high,9894.1004791596,9894.1004791596
2025-05-12 08:45:00+00:00,2025-05-12 08:50:00+00:00,2025-05-12 09:00:00+00:00,LONG,3272.22,3268.54,3279.5799999999995,3.6799999999998363,98.94100479159601,26.886142606413156,WIN,2.0,197.88200958319203,197.88200958319203,Below PDL -> green reversal -> break green high,10091.982488742793,10091.982488742793
2025-05-14 15:15:00+00:00,2025-05-14 15:20:00+00:00,2025-05-14 15:25:00+00:00,LONG,3215.25,3212.7,3220.3500000000004,2.550000000000182,100.91982488742794,39.57640191663558,LOSS,-1.0,-100.91982488742794,-100.91982488742794,Below PDL -> green reversal -> break green high,9991.062663855366,9991.062663855366
2025-05-15 05:50:00+00:00,2025-05-15 05:55:00+00:00,2025-05-15 06:10:00+00:00,LONG,3155.42,3150.87,3164.5200000000004,4.550000000000182,99.91062663855367,21.958379480999927,LOSS,-1.0,-99.91062663855367,-99.91062663855367,Below PDL -> green reversal -> break green high,9891.152037216812,9891.152037216812
2025-05-15 06:05:00+00:00,2025-05-15 11:40:00+00:00,2025-05-15 12:10:00+00:00,LONG,3157.01,3152.84,3165.3500000000004,4.170000000000073,98.91152037216813,23.719789058073477,WIN,2.0,197.82304074433625,197.82304074433625,Below PDL -> green reversal -> break green high,10088.97507796115,10088.97507796115
2025-05-15 13:00:00+00:00,2025-05-15 13:05:00+00:00,2025-05-15 13:10:00+00:00,LONG,3168.05,3164.58,3174.9900000000007,3.4700000000002547,100.8897507796115,29.074856132450748,WIN,2.0,201.779501559223,201.779501559223,Below PDL -> green reversal -> break green high,10290.754579520373,10290.754579520373
2025-05-16 02:15:00+00:00,2025-05-16 02:20:00+00:00,2025-05-16 02:30:00+00:00,SHORT,3243.13,3246.57,3236.25,3.4400000000000546,102.90754579520373,29.91498424279131,LOSS,-1.0,-102.90754579520373,-102.90754579520373,Above PDH -> green -> red reversal -> break red low,10187.84703372517,10187.84703372517
2025-05-20 17:25:00+00:00,2025-05-20 17:30:00+00:00,2025-05-20 17:40:00+00:00,SHORT,3279.04,3285.04,3267.04,6.0,101.8784703372517,16.979745056208618,LOSS,-1.0,-101.8784703372517,-101.8784703372517,Above PDH -> green -> red reversal -> break red low,10085.968563387918,10085.968563387918
2025-05-20 17:55:00+00:00,2025-05-20 18:00:00+00:00,2025-05-20 20:35:00+00:00,SHORT,3281.27,3285.23,3273.35,3.9600000000000364,100.85968563387918,25.46961758431269,LOSS,-1.0,-100.85968563387918,-100.85968563387918,Above PDH -> green -> red reversal -> break red low,9985.108877754039,9985.108877754039
2025-05-20 20:25:00+00:00,2025-05-22 17:00:00+00:00,2025-05-22 17:05:00+00:00,SHORT,3280.33,3285.18,3270.63,4.849999999999909,99.8510887775404,20.587853356194284,LOSS,-1.0,-99.8510887775404,-99.8510887775404,Above PDH -> green -> red reversal -> break red low,9885.257788976498,9885.257788976498
2025-05-27 09:55:00+00:00,2025-05-27 10:10:00+00:00,2025-05-28 23:50:00+00:00,LONG,3309.87,3281.49,3366.63,28.38000000000011,98.85257788976499,3.4831775154955817,LOSS,-1.0,-98.85257788976499,-98.85257788976499,Below PDL -> green reversal -> break green high,9786.405211086732,9786.405211086732
2025-05-29 02:25:00+00:00,2025-05-29 02:30:00+00:00,2025-05-29 02:35:00+00:00,LONG,3266.2,3261.34,3275.919999999999,4.859999999999673,97.86405211086732,20.13663623680533,LOSS,-1.0,-97.86405211086732,-97.86405211086732,Below PDL -> green reversal -> break green high,9688.541158975864,9688.541158975864
2025-05-29 02:45:00+00:00,2025-05-29 02:50:00+00:00,2025-05-29 04:05:00+00:00,LONG,3259.61,3250.33,3278.1700000000005,9.2800000000002,96.88541158975865,10.440238317861699,LOSS,-1.0,-96.88541158975865,-96.88541158975865,Below PDL -> green reversal -> break green high,9591.655747386105,9591.655747386105
2025-05-29 03:50:00+00:00,2025-05-29 05:40:00+00:00,2025-05-29 06:45:00+00:00,LONG,3269.05,3263.7,3279.750000000001,5.350000000000364,95.91655747386105,17.92832849978589,WIN,2.0,191.8331149477221,191.8331149477221,Below PDL -> green reversal -> break green high,9783.488862333827,9783.488862333827
2025-05-29 07:10:00+00:00,2025-05-29 07:15:00+00:00,2025-05-29 07:35:00+00:00,LONG,3274.51,3272.34,3278.8500000000004,2.1700000000000728,97.83488862333827,45.08520213056912,LOSS,-1.0,-97.83488862333827,-97.83488862333827,Below PDL -> green reversal -> break green high,9685.653973710489,9685.653973710489
2025-05-29 07:40:00+00:00,2025-05-29 07:45:00+00:00,2025-05-29 07:50:00+00:00,LONG,3274.2,3271.89,3278.8199999999997,2.3099999999999454,96.85653973710488,41.929237981431676,LOSS,-1.0,-96.85653973710488,-96.85653973710488,Below PDL -> green reversal -> break green high,9588.797433973383,9588.797433973383
2025-05-29 08:00:00+00:00,2025-05-29 08:05:00+00:00,2025-05-29 08:10:00+00:00,LONG,3269.98,3269.08,3271.78,0.900000000000091,95.88797433973383,106.5421937108046,LOSS,-1.0,-95.88797433973383,-95.88797433973383,Below PDL -> green reversal -> break green high,9492.909459633649,9492.909459633649
2025-05-29 08:25:00+00:00,2025-05-29 08:55:00+00:00,2025-05-29 09:10:00+00:00,LONG,3272.17,3268.45,3279.6100000000006,3.7200000000002547,94.9290945963365,25.518573816217742,LOSS,-1.0,-94.9290945963365,-94.9290945963365,Below PDL -> green reversal -> break green high,9397.980365037312,9397.980365037312
2025-05-29 09:15:00+00:00,2025-05-29 09:20:00+00:00,2025-05-29 10:15:00+00:00,LONG,3272.72,3268.09,3281.979999999999,4.629999999999654,93.97980365037313,20.29801374738232,WIN,2.0,187.95960730074626,187.95960730074626,Below PDL -> green reversal -> break green high,9585.93997233806,9585.93997233806
2025-06-06 17:25:00+00:00,2025-06-06 17:30:00+00:00,2025-06-13 04:45:00+00:00,LONG,3325.05,3271.82,3431.51,53.23000000000002,95.85939972338059,1.800852897301908,WIN,2.0,191.71879944676118,191.71879944676118,Below PDL -> green reversal -> break green high,9777.65877178482,9777.65877178482
2025-06-12 15:00:00+00:00,2025-06-17 06:20:00+00:00,2025-06-17 06:25:00+00:00,SHORT,3376.42,3382.56,3364.1400000000003,6.139999999999873,97.7765877178482,15.924525686946291,LOSS,-1.0,-97.7765877178482,-97.7765877178482,Above PDH -> green -> red reversal -> break red low,9679.882184066972,9679.882184066972
2025-06-17 12:00:00+00:00,2025-06-17 12:20:00+00:00,2025-06-17 13:05:00+00:00,LONG,3381.33,3377.84,3388.3099999999995,3.4899999999997817,96.79882184066972,27.736052103345493,WIN,2.0,193.59764368133943,193.59764368133943,Below PDL -> green reversal -> break green high,9873.479827748311,9873.479827748311
2025-06-17 17:40:00+00:00,2025-06-17 17:45:00+00:00,2025-06-18 07:40:00+00:00,LONG,3376.63,3366.15,3397.59,10.480000000000018,98.73479827748312,9.42125937762242,WIN,2.0,197.46959655496624,197.46959655496624,Below PDL -> green reversal -> break green high,10070.949424303277,10070.949424303277
2025-06-18 23:15:00+00:00,2025-06-18 23:20:00+00:00,2025-06-19 01:00:00+00:00,LONG,3365.53,3362.56,3371.4700000000007,2.9700000000002547,100.70949424303276,33.908920620546844,WIN,2.0,201.41898848606553,201.41898848606553,Below PDL -> green reversal -> break green high,10272.368412789343,10272.368412789343
2025-06-19 09:10:00+00:00,2025-06-19 09:50:00+00:00,2025-06-19 10:15:00+00:00,LONG,3357.9,3354.19,3365.32,3.7100000000000364,102.72368412789343,27.688324562774238,LOSS,-1.0,-102.72368412789343,-102.72368412789343,Below PDL -> green reversal -> break green high,10169.64472866145,10169.64472866145
2025-06-19 10:05:00+00:00,2025-06-19 10:35:00+00:00,2025-06-19 10:40:00+00:00,LONG,3358.72,3355.67,3364.8199999999993,3.049999999999727,101.6964472866145,33.34309747102413,WIN,2.0,203.392894573229,203.392894573229,Below PDL -> green reversal -> break green high,10373.037623234679,10373.037623234679
2025-06-20 09:00:00+00:00,2025-06-20 09:05:00+00:00,2025-06-20 09:30:00+00:00,LONG,3346.47,3342.77,3353.8699999999994,3.699999999999818,103.73037623234679,28.035236819554562,LOSS,-1.0,-103.73037623234679,-103.73037623234679,Below PDL -> green reversal -> break green high,10269.307247002333,10269.307247002333
2025-06-20 09:35:00+00:00,2025-06-20 09:40:00+00:00,2025-06-20 09:45:00+00:00,LONG,3343.98,3341.74,3348.4600000000005,2.2400000000002365,102.69307247002332,45.84512163839843,LOSS,-1.0,-102.69307247002332,-102.69307247002332,Below PDL -> green reversal -> break green high,10166.61417453231,10166.61417453231
2025-06-20 09:50:00+00:00,2025-06-20 09:55:00+00:00,2025-06-20 12:25:00+00:00,LONG,3345.97,3340.78,3356.349999999999,5.1899999999996,101.6661417453231,19.588851974052204,WIN,2.0,203.3322834906462,203.3322834906462,Below PDL -> green reversal -> break green high,10369.946458022956,10369.946458022956
2025-06-20 15:35:00+00:00,2025-06-20 15:40:00+00:00,2025-06-20 16:30:00+00:00,LONG,3348.2,3341.97,3360.66,6.230000000000018,103.69946458022956,16.64517890533375,WIN,2.0,207.39892916045912,207.39892916045912,Below PDL -> green reversal -> break green high,10577.345387183415,10577.345387183415
2025-06-24 03:05:00+00:00,2025-06-24 03:10:00+00:00,2025-06-24 03:45:00+00:00,LONG,3339.93,3333.3,3353.189999999999,6.629999999999654,105.77345387183415,15.95376378157461,WIN,2.0,211.5469077436683,211.5469077436683,Below PDL -> green reversal -> break green high,10788.892294927084,10788.892294927084
2025-06-24 04:50:00+00:00,2025-06-24 04:55:00+00:00,2025-06-24 06:35:00+00:00,LONG,3347.23,3342.26,3357.1699999999996,4.9699999999998,107.88892294927084,21.70803278657448,WIN,2.0,215.77784589854167,215.77784589854167,Below PDL -> green reversal -> break green high,11004.670140825625,11004.670140825625
2025-06-26 02:55:00+00:00,2025-06-26 03:00:00+00:00,2025-06-26 03:05:00+00:00,SHORT,3338.97,3339.63,3337.649999999999,0.6600000000003092,110.04670140825625,166.73742637606773,WIN,2.0,220.0934028165125,220.0934028165125,Above PDH -> green -> red reversal -> break red low,11224.763543642137,11224.763543642137
2025-06-26 05:55:00+00:00,2025-06-26 06:00:00+00:00,2025-06-26 06:05:00+00:00,SHORT,3338.67,3341.72,3332.5700000000006,3.049999999999727,112.24763543642138,36.80250342178079,LOSS,-1.0,-112.24763543642138,-112.24763543642138,Above PDH -> green -> red reversal -> break red low,11112.515908205716,11112.515908205716
2025-06-26 06:55:00+00:00,2025-06-26 07:00:00+00:00,2025-06-26 10:05:00+00:00,SHORT,3337.8,3343.14,3327.120000000001,5.339999999999691,111.12515908205717,20.809954884281574,LOSS,-1.0,-111.12515908205717,-111.12515908205717,Above PDH -> green -> red reversal -> break red low,11001.390749123659,11001.390749123659
2025-06-26 10:35:00+00:00,2025-06-26 10:40:00+00:00,2025-06-26 10:45:00+00:00,SHORT,3345.52,3346.24,3344.0800000000004,0.7199999999997999,110.0139074912366,152.79709373787105,LOSS,-1.0,-110.0139074912366,-110.0139074912366,Above PDH -> green -> red reversal -> break red low,10891.376841632422,10891.376841632422
2025-06-26 11:00:00+00:00,2025-06-26 11:05:00+00:00,2025-06-26 11:15:00+00:00,SHORT,3345.6,3347.2,3342.4,1.599999999999909,108.91376841632422,68.07110526020651,LOSS,-1.0,-108.91376841632422,-108.91376841632422,Above PDH -> green -> red reversal -> break red low,10782.463073216099,10782.463073216099
2025-06-26 11:25:00+00:00,2025-06-26 11:30:00+00:00,2025-06-26 11:40:00+00:00,SHORT,3345.39,3347.33,3341.5099999999998,1.9400000000000546,107.82463073216098,55.57970656296801,LOSS,-1.0,-107.82463073216098,-107.82463073216098,Above PDH -> green -> red reversal -> break red low,10674.638442483938,10674.638442483938
2025-06-26 11:50:00+00:00,2025-06-26 12:00:00+00:00,2025-06-26 12:10:00+00:00,SHORT,3346.47,3348.7,3342.0099999999998,2.230000000000018,106.74638442483938,47.86833382279754,WIN,2.0,213.49276884967875,213.49276884967875,Above PDH -> green -> red reversal -> break red low,10888.131211333617,10888.131211333617
2025-06-26 12:30:00+00:00,2025-06-26 13:05:00+00:00,2025-06-26 15:55:00+00:00,SHORT,3338.74,3345.08,3326.0599999999995,6.3400000000001455,108.88131211333618,17.173708535226133,WIN,2.0,217.76262422667236,217.76262422667236,Above PDH -> green -> red reversal -> break red low,11105.89383556029,11105.89383556029
2025-07-01 01:55:00+00:00,2025-07-01 02:00:00+00:00,2025-07-01 12:25:00+00:00,SHORT,3310.81,3343.39,3245.65,32.57999999999993,111.05893835560289,3.40880719323521,LOSS,-1.0,-111.05893835560289,-111.05893835560289,Above PDH -> green -> red reversal -> break red low,10994.834897204686,10994.834897204686
2025-07-01 06:10:00+00:00,2025-07-03 15:35:00+00:00,2025-07-03 15:40:00+00:00,SHORT,3316.01,3319.39,3309.250000000001,3.3799999999996544,109.94834897204686,32.52909732901127,LOSS,-1.0,-109.94834897204686,-109.94834897204686,Above PDH -> green -> red reversal -> break red low,10884.88654823264,10884.88654823264
2025-07-03 15:45:00+00:00,2025-07-03 15:50:00+00:00,2025-07-03 16:25:00+00:00,LONG,3319.17,3311.69,3334.13,7.480000000000018,108.8488654823264,14.551987363947344,WIN,2.0,217.6977309646528,217.6977309646528,Below PDL -> green reversal -> break green high,11102.584279197294,11102.584279197294
2025-07-03 17:25:00+00:00,2025-07-03 17:30:00+00:00,2025-07-04 10:40:00+00:00,LONG,3327.6,3320.62,3341.56,6.980000000000018,111.02584279197293,15.906281202288344,WIN,2.0,222.05168558394587,222.05168558394587,Below PDL -> green reversal -> break green high,11324.635964781239,11324.635964781239
2025-07-07 03:35:00+00:00,2025-07-07 03:40:00+00:00,2025-07-07 03:45:00+00:00,LONG,3323.11,3321.76,3325.81,1.349999999999909,113.24635964781238,83.88619233171853,WIN,2.0,226.49271929562477,226.49271929562477,Below PDL -> green reversal -> break green high,11551.128684076864,11551.128684076864
2025-07-07 04:15:00+00:00,2025-07-07 04:35:00+00:00,2025-07-07 05:30:00+00:00,LONG,3314.42,3310.77,3321.7200000000003,3.650000000000091,115.51128684076865,31.646927901579662,LOSS,-1.0,-115.51128684076865,-115.51128684076865,Below PDL -> green reversal -> break green high,11435.617397236096,11435.617397236096
2025-07-07 04:45:00+00:00,2025-07-07 17:50:00+00:00,2025-07-07 18:05:00+00:00,LONG,3320.0,3316.24,3327.5200000000004,3.7600000000002183,114.35617397236096,30.413876056477214,LOSS,-1.0,-114.35617397236096,-114.35617397236096,Below PDL -> green reversal -> break green high,11321.261223263735,11321.261223263735
2025-07-07 18:05:00+00:00,2025-07-07 18:10:00+00:00,2025-07-07 18:15:00+00:00,LONG,3318.26,3317.63,3319.5200000000004,0.6300000000001091,113.21261223263735,179.70255909939326,LOSS,-1.0,-113.21261223263735,-113.21261223263735,Below PDL -> green reversal -> break green high,11208.048611031098,11208.048611031098
2025-07-07 18:20:00+00:00,2025-07-07 18:30:00+00:00,2025-07-07 19:20:00+00:00,LONG,3320.14,3317.4,3325.6199999999994,2.7399999999997817,112.08048611031097,40.90528690157661,WIN,2.0,224.16097222062194,224.16097222062194,Below PDL -> green reversal -> break green high,11432.209583251719,11432.209583251719
2025-07-08 18:15:00+00:00,2025-07-08 18:20:00+00:00,2025-07-09 05:50:00+00:00,LONG,3295.64,3287.13,3312.6599999999994,8.509999999999764,114.32209583251719,13.433853799356095,LOSS,-1.0,-114.32209583251719,-114.32209583251719,Below PDL -> green reversal -> break green high,11317.887487419202,11317.887487419202
2025-07-09 11:40:00+00:00,2025-07-09 11:45:00+00:00,2025-07-09 13:35:00+00:00,LONG,3286.95,3282.77,3295.3099999999995,4.179999999999836,113.17887487419203,27.076285855070925,WIN,2.0,226.35774974838407,226.35774974838407,Below PDL -> green reversal -> break green high,11544.245237167586,11544.245237167586
2025-07-09 14:35:00+00:00,2025-07-09 15:00:00+00:00,2025-07-09 15:05:00+00:00,LONG,3286.88,3285.99,3288.6600000000008,0.8900000000003274,115.44245237167587,129.7106206422847,WIN,2.0,230.88490474335174,230.88490474335174,Below PDL -> green reversal -> break green high,11775.130141910939,11775.130141910939
2025-07-10 01:35:00+00:00,2025-07-10 02:00:00+00:00,2025-07-10 03:40:00+00:00,SHORT,3319.38,3321.17,3315.8,1.7899999999999636,117.75130141910938,65.78284995481104,LOSS,-1.0,-117.75130141910938,-117.75130141910938,Above PDH -> green -> red reversal -> break red low,11657.378840491829,11657.378840491829
2025-07-10 03:00:00+00:00,2025-07-10 04:00:00+00:00,2025-07-10 04:05:00+00:00,SHORT,3316.62,3318.24,3313.38,1.6199999999998909,116.57378840491829,71.95912864501614,LOSS,-1.0,-116.57378840491829,-116.57378840491829,Above PDH -> green -> red reversal -> break red low,11540.805052086911,11540.805052086911
2025-07-10 04:20:00+00:00,2025-07-10 05:15:00+00:00,2025-07-10 05:20:00+00:00,SHORT,3321.18,3323.03,3317.479999999999,1.8500000000003638,115.40805052086911,62.382730011268336,LOSS,-1.0,-115.40805052086911,-115.40805052086911,Above PDH -> green -> red reversal -> break red low,11425.397001566042,11425.397001566042
2025-07-10 05:35:00+00:00,2025-07-10 05:40:00+00:00,2025-07-10 06:15:00+00:00,SHORT,3321.28,3323.21,3317.4200000000005,1.9299999999998363,114.25397001566041,59.19894819464772,WIN,2.0,228.50794003132083,228.50794003132083,Above PDH -> green -> red reversal -> break red low,11653.904941597362,11653.904941597362
2025-07-10 06:45:00+00:00,2025-07-10 06:50:00+00:00,2025-07-10 07:45:00+00:00,SHORT,3317.53,3320.13,3312.3300000000004,2.599999999999909,116.53904941597362,44.82271131383758,LOSS,-1.0,-116.53904941597362,-116.53904941597362,Above PDH -> green -> red reversal -> break red low,11537.36589218139,11537.36589218139
2025-07-10 08:15:00+00:00,2025-07-10 08:20:00+00:00,2025-07-10 08:25:00+00:00,SHORT,3323.76,3324.24,3322.800000000001,0.47999999999956344,115.3736589218139,240.36178942066422,WIN,2.0,230.7473178436278,230.7473178436278,Above PDH -> green -> red reversal -> break red low,11768.113210025018,11768.113210025018
2025-07-10 08:35:00+00:00,2025-07-10 10:45:00+00:00,2025-07-10 11:35:00+00:00,SHORT,3320.66,3323.84,3314.2999999999993,3.180000000000291,117.68113210025018,37.0066453145407,LOSS,-1.0,-117.68113210025018,-117.68113210025018,Above PDH -> green -> red reversal -> break red low,11650.432077924768,11650.432077924768
2025-07-10 11:00:00+00:00,2025-07-10 14:55:00+00:00,2025-07-10 15:20:00+00:00,SHORT,3319.89,3321.28,3317.109999999999,1.3900000000003274,116.50432077924768,83.81605811454693,LOSS,-1.0,-116.50432077924768,-116.50432077924768,Above PDH -> green -> red reversal -> break red low,11533.92775714552,11533.92775714552
2025-07-10 15:40:00+00:00,2025-07-10 16:40:00+00:00,2025-07-10 16:45:00+00:00,SHORT,3321.37,3323.42,3317.2699999999995,2.050000000000182,115.33927757145521,56.26306222997316,WIN,2.0,230.67855514291043,230.67855514291043,Above PDH -> green -> red reversal -> break red low,11764.606312288432,11764.606312288432
2025-07-10 17:20:00+00:00,2025-07-10 17:25:00+00:00,2025-07-10 21:55:00+00:00,SHORT,3316.51,3321.53,3306.4700000000003,5.019999999999982,117.64606312288431,23.435470741610505,LOSS,-1.0,-117.64606312288431,-117.64606312288431,Above PDH -> green -> red reversal -> break red low,11646.960249165548,11646.960249165548
2025-07-10 21:30:00+00:00,2025-07-17 15:30:00+00:00,2025-07-17 15:35:00+00:00,SHORT,3316.55,3317.58,3314.4900000000007,1.0299999999997453,116.46960249165548,113.07728397250901,LOSS,-1.0,-116.46960249165548,-116.46960249165548,Above PDH -> green -> red reversal -> break red low,11530.490646673892,11530.490646673892
2025-07-17 15:45:00+00:00,2025-07-17 16:05:00+00:00,2025-07-17 16:10:00+00:00,LONG,3315.45,3312.92,3320.5099999999993,2.5299999999997453,115.30490646673893,45.575061844565425,LOSS,-1.0,-115.30490646673893,-115.30490646673893,Below PDL -> green reversal -> break green high,11415.185740207153,11415.185740207153
2025-07-17 16:15:00+00:00,2025-07-17 16:20:00+00:00,2025-07-17 17:30:00+00:00,LONG,3318.94,3312.74,3331.3400000000006,6.200000000000273,114.15185740207153,18.411589903559115,WIN,2.0,228.30371480414306,228.30371480414306,Below PDL -> green reversal -> break green high,11643.489455011295,11643.489455011295
2025-07-24 06:10:00+00:00,2025-07-24 06:30:00+00:00,2025-07-28 16:45:00+00:00,LONG,3380.81,3318.31,3505.81,62.5,116.43489455011296,1.8629583128018072,LOSS,-1.0,-116.43489455011296,-116.43489455011296,Below PDL -> green reversal -> break green high,11527.054560461182,11527.054560461182
2025-07-28 17:00:00+00:00,2025-07-28 17:15:00+00:00,2025-07-29 11:05:00+00:00,LONG,3308.93,3301.89,3323.0099999999998,7.039999999999964,115.27054560461181,16.373657046109717,WIN,2.0,230.54109120922362,230.54109120922362,Below PDL -> green reversal -> break green high,11757.595651670405,11757.595651670405
2025-07-30 16:30:00+00:00,2025-07-30 17:10:00+00:00,2025-07-30 17:15:00+00:00,LONG,3308.06,3304.34,3315.4999999999995,3.7199999999998,117.57595651670405,31.606439923846875,LOSS,-1.0,-117.57595651670405,-117.57595651670405,Below PDL -> green reversal -> break green high,11640.0196951537,11640.0196951537
2025-07-30 17:30:00+00:00,2025-07-30 17:35:00+00:00,2025-07-30 17:45:00+00:00,LONG,3303.02,3301.61,3305.8399999999997,1.4099999999998545,116.400196951537,82.55333117131136,WIN,2.0,232.800393903074,232.800393903074,Below PDL -> green reversal -> break green high,11872.820089056773,11872.820089056773
2025-07-30 18:10:00+00:00,2025-07-30 20:50:00+00:00,2025-07-30 21:00:00+00:00,LONG,3301.23,3300.15,3303.39,1.0799999999999272,118.72820089056773,109.93351934312568,LOSS,-1.0,-118.72820089056773,-118.72820089056773,Below PDL -> green reversal -> break green high,11754.091888166206,11754.091888166206
2025-07-30 21:05:00+00:00,2025-07-30 21:10:00+00:00,2025-07-30 21:15:00+00:00,LONG,3302.38,3297.48,3312.1800000000003,4.900000000000091,117.54091888166205,23.987942628910176,LOSS,-1.0,-117.54091888166205,-117.54091888166205,Below PDL -> green reversal -> break green high,11636.550969284543,11636.550969284543
2025-07-30 22:00:00+00:00,2025-07-30 22:10:00+00:00,2025-07-30 22:15:00+00:00,LONG,3281.51,3279.69,3285.1500000000005,1.8200000000001637,116.36550969284542,63.9370932378214,LOSS,-1.0,-116.36550969284542,-116.36550969284542,Below PDL -> green reversal -> break green high,11520.185459591698,11520.185459591698
2025-07-30 22:20:00+00:00,2025-07-30 22:25:00+00:00,2025-07-30 22:30:00+00:00,LONG,3276.05,3274.16,3279.830000000001,1.8900000000003274,115.20185459591698,60.95336222005134,LOSS,-1.0,-115.20185459591698,-115.20185459591698,Below PDL -> green reversal -> break green high,11404.983604995781,11404.983604995781
2025-07-30 22:40:00+00:00,2025-07-30 22:45:00+00:00,2025-07-31 04:05:00+00:00,LONG,3275.39,3268.17,3289.8299999999995,7.2199999999998,114.04983604995782,15.796376184205121,WIN,2.0,228.09967209991564,228.09967209991564,Below PDL -> green reversal -> break green high,11633.083277095697,11633.083277095697
2025-08-01 15:50:00+00:00,2025-08-01 15:55:00+00:00,2025-08-01 16:05:00+00:00,SHORT,3335.71,3345.22,3316.6900000000005,9.509999999999764,116.33083277095697,12.232474529017862,LOSS,-1.0,-116.33083277095697,-116.33083277095697,Above PDH -> green -> red reversal -> break red low,11516.75244432474,11516.75244432474
2025-08-01 16:20:00+00:00,2025-08-01 16:25:00+00:00,2025-08-01 16:50:00+00:00,SHORT,3349.78,3354.46,3340.4200000000005,4.679999999999836,115.1675244432474,24.608445393857142,WIN,2.0,230.3350488864948,230.3350488864948,Above PDH -> green -> red reversal -> break red low,11747.087493211235,11747.087493211235
2025-08-01 17:10:00+00:00,2025-08-01 17:15:00+00:00,2025-08-01 17:20:00+00:00,SHORT,3348.03,3350.48,3343.1300000000006,2.449999999999818,117.47087493211235,47.947295890661664,LOSS,-1.0,-117.47087493211235,-117.47087493211235,Above PDH -> green -> red reversal -> break red low,11629.616618279122,11629.616618279122
2025-08-01 17:50:00+00:00,2025-08-01 19:20:00+00:00,2025-08-01 22:30:00+00:00,SHORT,3341.39,3355.07,3314.0299999999993,13.680000000000291,116.29616618279123,8.501181738507949,LOSS,-1.0,-116.29616618279123,-116.29616618279123,Above PDH -> green -> red reversal -> break red low,11513.320452096332,11513.320452096332
2025-08-01 19:35:00+00:00,2025-08-12 14:20:00+00:00,2025-08-12 14:25:00+00:00,SHORT,3340.73,3342.11,3337.97,1.3800000000001091,115.13320452096332,83.42985834851754,LOSS,-1.0,-115.13320452096332,-115.13320452096332,Above PDH -> green -> red reversal -> break red low,11398.187247575368,11398.187247575368
2025-08-12 15:25:00+00:00,2025-08-12 15:30:00+00:00,2025-08-12 15:40:00+00:00,LONG,3341.47,3336.09,3352.229999999999,5.379999999999654,113.98187247575368,21.186221649769703,WIN,2.0,227.96374495150735,227.96374495150735,Below PDL -> green reversal -> break green high,11626.150992526875,11626.150992526875
2025-08-12 17:20:00+00:00,2025-08-12 17:25:00+00:00,2025-08-12 18:10:00+00:00,LONG,3335.03,3331.13,3342.8300000000004,3.900000000000091,116.26150992526875,29.810643570581036,WIN,2.0,232.5230198505375,232.5230198505375,Below PDL -> green reversal -> break green high,11858.674012377413,11858.674012377413
2025-08-13 10:25:00+00:00,2025-08-13 10:30:00+00:00,2025-08-13 10:35:00+00:00,SHORT,3359.1,3359.25,3358.7999999999997,0.15000000000009095,118.58674012377412,790.5782674913481,LOSS,-1.0,-118.58674012377412,-118.58674012377412,Above PDH -> green -> red reversal -> break red low,11740.087272253639,11740.087272253639
2025-08-13 11:50:00+00:00,2025-08-13 11:55:00+00:00,2025-08-13 12:30:00+00:00,SHORT,3359.76,3363.42,3352.4400000000005,3.6599999999998545,117.40087272253639,32.07674118102215,LOSS,-1.0,-117.40087272253639,-117.40087272253639,Above PDH -> green -> red reversal -> break red low,11622.686399531103,11622.686399531103
2025-08-13 12:45:00+00:00,2025-08-13 12:55:00+00:00,2025-08-13 13:00:00+00:00,SHORT,3364.08,3366.2,3359.84,2.119999999999891,116.22686399531104,54.82399245062123,LOSS,-1.0,-116.22686399531104,-116.22686399531104,Above PDH -> green -> red reversal -> break red low,11506.459535535792,11506.459535535792
2025-08-13 13:20:00+00:00,2025-08-13 13:25:00+00:00,2025-08-13 13:35:00+00:00,SHORT,3363.66,3366.23,3358.5199999999995,2.5700000000001637,115.06459535535792,44.772216091576105,LOSS,-1.0,-115.06459535535792,-115.06459535535792,Above PDH -> green -> red reversal -> break red low,11391.394940180435,11391.394940180435
2025-08-13 13:40:00+00:00,2025-08-13 13:45:00+00:00,2025-08-13 13:50:00+00:00,SHORT,3365.37,3366.02,3364.0699999999997,0.650000000000091,113.91394940180435,175.25222984890524,LOSS,-1.0,-113.91394940180435,-113.91394940180435,Above PDH -> green -> red reversal -> break red low,11277.480990778631,11277.480990778631
2025-08-13 15:00:00+00:00,2025-08-13 15:05:00+00:00,2025-08-13 17:00:00+00:00,SHORT,3361.4,3366.98,3350.2400000000002,5.579999999999927,112.77480990778632,20.21053940999781,LOSS,-1.0,-112.77480990778632,-112.77480990778632,Above PDH -> green -> red reversal -> break red low,11164.706180870844,11164.706180870844
2025-08-13 16:45:00+00:00,2025-08-13 18:05:00+00:00,2025-08-13 18:30:00+00:00,SHORT,3360.08,3362.45,3355.34,2.369999999999891,111.64706180870844,47.108464898191386,WIN,2.0,223.2941236174169,223.2941236174169,Above PDH -> green -> red reversal -> break red low,11388.000304488261,11388.000304488261
2025-08-13 19:25:00+00:00,2025-08-13 19:35:00+00:00,2025-08-13 20:30:00+00:00,SHORT,3359.28,3360.9,3356.0400000000004,1.6199999999998909,113.88000304488261,70.2962981758582,WIN,2.0,227.76000608976523,227.76000608976523,Above PDH -> green -> red reversal -> break red low,11615.760310578027,11615.760310578027
2025-08-14 03:30:00+00:00,2025-08-14 03:35:00+00:00,2025-08-14 04:20:00+00:00,SHORT,3371.04,3373.39,3366.34,2.349999999999909,116.15760310578027,49.42876727905735,WIN,2.0,232.31520621156054,232.31520621156054,Above PDH -> green -> red reversal -> break red low,11848.075516789588,11848.075516789588
2025-08-18 06:50:00+00:00,2025-08-18 06:55:00+00:00,2025-08-22 17:30:00+00:00,SHORT,3349.1,3370.9,3305.4999999999995,21.800000000000182,118.48075516789588,5.4348970260502245,LOSS,-1.0,-118.48075516789588,-118.48075516789588,Above PDH -> green -> red reversal -> break red low,11729.594761621693,11729.594761621693
2025-08-26 02:20:00+00:00,2025-08-26 03:00:00+00:00,2025-08-29 16:55:00+00:00,LONG,3358.19,3323.29,3427.9900000000002,34.90000000000009,117.29594761621694,3.3609154044761214,WIN,2.0,234.59189523243387,234.59189523243387,Below PDL -> green reversal -> break green high,11964.186656854126,11964.186656854126
2025-09-04 06:15:00+00:00,2025-09-04 06:20:00+00:00,2025-09-30 06:40:00+00:00,LONG,3524.09,3355.28,3861.71,168.80999999999995,119.64186656854126,0.7087368436025194,WIN,2.0,239.28373313708252,239.28373313708252,Below PDL -> green reversal -> break green high,12203.47038999121,12203.47038999121
